Tag,CLPID,ORCID
Astronomy-Department,Bock-J-J,0000-0002-5710-5212
Astronomy-Department,Bouman-K-L,0000-0003-0077-4367
Astronomy-Department,Chatziionannou-K,0000-0002-5833-413X
Astronomy-Department,Chen-Yanbei,0000-0002-9730-9463
Astronomy-Department,Cohen-J-G,0000-0002-8039-4673
Astronomy-Department,Cohen-M-H,0000-0002-8033-5972
Astronomy-Department,de-Kleer-K-R,0000-0002-9068-3428
Astronomy-Department,Djorgovski-S-G,0000-0002-0603-3087
Astronomy-Department,El-Badry-Kareem,0000-0002-6871-1752
Astronomy-Department,Fuller-J,0000-0002-4544-0750
Astronomy-Department,Goldreich-P-M,
Astronomy-Department,Golwala-S-R,0000-0002-1098-7174
Astronomy-Department,Hallinan-G,0000-0002-7083-4049
Astronomy-Department,Harrison-F-A,0000-0003-2992-8024
Astronomy-Department,Hillenbrand-L-A,
Astronomy-Department,Hopkins-P-F,0000-0003-3729-1684
Astronomy-Department,Howard-A-W,0000-0001-8638-0320
Astronomy-Department,Kalsiwal-M-M,0000-0002-5619-4938
Astronomy-Department,Kulkarni-S-R,0000-0001-5390-8563
Astronomy-Department,Martin-D-Christopher,0000-0002-8650-1644
Astronomy-Department,Mawet-D,0000-0002-8895-4735
Astronomy-Department,Most-E-R,0000-0002-0491-1210
Astronomy-Department,Phinney-E-S,0000-0002-9656-4032
Astronomy-Department,Prince-T-A,0000-0002-8850-3627
Astronomy-Department,Ravi-Vikram,0000-0002-7252-5485
Astronomy-Department,Readhead-A-C-S,0000-0001-9152-961X
Astronomy-Department,Sargent-A-I,0000-0002-4633-5098
Astronomy-Department,Scoville-N-Z,0000-0002-0438-3323
Astronomy-Department,Soifer-B-T,0000-0002-8112-1132
Astronomy-Department,Steidel-C-C,0000-0002-4834-7260
Astronomy-Department,Stone-E-C,0000-0002-2010-5462
Astronomy-Department,Teukolsky-S-A,0000-0001-9765-4526
Astronomy-Department,Thorne-K-S,
Astronomy-Department,Zmuidzinas-J,0000-0002-3330-5439
TAPIR,Chatziionannou-K,0000-0002-5833-413X
TAPIR,Chen-Yanbei,0000-0002-9730-9463
TAPIR,Fuller-J,0000-0002-4544-0750
TAPIR,Goldreich-P-M,
TAPIR,Hopkins-P-F,0000-0003-3729-1684
TAPIR,Most-E-R,0000-0002-0491-1210
TAPIR,Phinney-E-S,0000-0002-9656-4032
TAPIR,Teukolsky-S-A,0000-0001-9765-4526
TAPIR,Thorne-K-S,
Division-of-Biology-and-Biological-Engineering,Adophs-R,0000-0002-8053-9692
Division-of-Biology-and-Biological-Engineering,Allman-J-M,
Division-of-Biology-and-Biological-Engineering,Andersen-R-A,0000-0002-7947-0472
Division-of-Biology-and-Biological-Engineering,Anderson-D-J,0000-0001-6175-3872
Division-of-Biology-and-Biological-Engineering,Aravin-A-A,0000-0002-6956-8257
Division-of-Biology-and-Biological-Engineering,Arnold-F-H,0000-0002-4027-364X
Division-of-Biology-and-Biological-Engineering,Baltimore-D,0000-0001-8723-8190
Division-of-Biology-and-Biological-Engineering,Bjorkman-P-J,0000-0002-2277-3990
Division-of-Biology-and-Biological-Engineering,Bois-J-S,0000-0001-7137-8746
Division-of-Biology-and-Biological-Engineering,Bronner-M-E,0000-0003-4274-1862
Division-of-Biology-and-Biological-Engineering,Cai-Long,0000-0002-7154-5361
Division-of-Biology-and-Biological-Engineering,Campbell-J-L,0000-0001-8291-5551
Division-of-Biology-and-Biological-Engineering,Chan-D-C,0000-0002-0191-2154
Division-of-Biology-and-Biological-Engineering,Chen-Zhen,0000-0003-1723-0251
Division-of-Biology-and-Biological-Engineering,Chou-Tsui-Fen,0000-0003-2410-2186
Division-of-Biology-and-Biological-Engineering,Dickinson-M-H,0000-0002-8587-9936
Division-of-Biology-and-Biological-Engineering,Dunphy-W-G,0000-0001-7598-8939
Division-of-Biology-and-Biological-Engineering,Elowitz-M-B,0000-0002-1221-0967
Division-of-Biology-and-Biological-Engineering,Fejes-Tóth-K,0000-0001-6558-2636
Division-of-Biology-and-Biological-Engineering,Glover-D-M,0000-0003-0956-0103
Division-of-Biology-and-Biological-Engineering,Goentoro-L-A,0000-0002-3904-0195
Division-of-Biology-and-Biological-Engineering,Gradinaru-V,0000-0001-5868-348X
Division-of-Biology-and-Biological-Engineering,Guttman-M,0000-0003-4748-9352
Division-of-Biology-and-Biological-Engineering,Hay-B-A,0000-0002-5486-0482
Division-of-Biology-and-Biological-Engineering,Hong-Elizabeth-J,0000-0003-3866-418X
Division-of-Biology-and-Biological-Engineering,Huang-Alice-S,
Division-of-Biology-and-Biological-Engineering,Ismagilov-R-F,0000-0002-3680-4399
Division-of-Biology-and-Biological-Engineering,Kennedy-M-B,0000-0003-1369-0525
Division-of-Biology-and-Biological-Engineering,Kumagai-Akiko,0000-0003-2422-8053
Division-of-Biology-and-Biological-Engineering,Lester-H-A,0000-0002-5470-5255
Division-of-Biology-and-Biological-Engineering,Lois-C,0000-0002-7305-2317
Division-of-Biology-and-Biological-Engineering,Mayo-S-L,0000-0002-9785-5018
Division-of-Biology-and-Biological-Engineering,Mazmanian-S-K,0000-0003-2713-1513
Division-of-Biology-and-Biological-Engineering,McFall-Ngai-Margaret-J,0000-0002-6046-6238
Division-of-Biology-and-Biological-Engineering,Meister-M,0000-0003-2136-6506
Division-of-Biology-and-Biological-Engineering,Murray-R-M,0000-0002-5785-7481
Division-of-Biology-and-Biological-Engineering,Newman-D-K,0000-0003-1647-1918
Division-of-Biology-and-Biological-Engineering,Oka-Yuki,0000-0003-2686-0677
Division-of-Biology-and-Biological-Engineering,Orphan-V-J,0000-0002-5374-6178
Division-of-Biology-and-Biological-Engineering,Pachter-L,0000-0002-9164-6231
Division-of-Biology-and-Biological-Engineering,Parker-J,0000-0001-9598-2454
Division-of-Biology-and-Biological-Engineering,Patke-Alina,0000-0003-1628-4282
Division-of-Biology-and-Biological-Engineering,Phillips-R,0000-0003-3082-2809
Division-of-Biology-and-Biological-Engineering,Pierce-N-A,0000-0003-2367-4406
Division-of-Biology-and-Biological-Engineering,Prober-D-A,0000-0002-7371-4675
Division-of-Biology-and-Biological-Engineering,Qian-Lulu,0000-0003-4115-2409
Division-of-Biology-and-Biological-Engineering,Rothenberg-E-V,0000-0002-3901-347X
Division-of-Biology-and-Biological-Engineering,Roukes-M-L,0000-0002-2916-6026
Division-of-Biology-and-Biological-Engineering,Ruby-E-G,0000-0002-4112-4830
Division-of-Biology-and-Biological-Engineering,Shimojo-S,0000-0002-1290-5232
Division-of-Biology-and-Biological-Engineering,Siapis-A-G,0000-0001-8837-678X
Division-of-Biology-and-Biological-Engineering,Stathopoulos-A,0000-0001-6597-2036
Division-of-Biology-and-Biological-Engineering,Sternberg-P-W,0000-0002-7699-0173
Division-of-Biology-and-Biological-Engineering,Thomson-M-W,0000-0003-1021-1234
Division-of-Biology-and-Biological-Engineering,Van-Valen-D,0000-0001-7534-7621
Division-of-Biology-and-Biological-Engineering,Varshavsky-A,0000-0002-4011-258X
Division-of-Biology-and-Biological-Engineering,Voorhees-R-M,0000-0003-1640-2293
Division-of-Biology-and-Biological-Engineering,Wagenaar-D-A,0000-0002-6222-761X
Division-of-Biology-and-Biological-Engineering,Wang-Kaihang,0000-0001-7657-8755
Division-of-Biology-and-Biological-Engineering,Winfree-E,0000-0002-5899-7523
Division-of-Biology-and-Biological-Engineering,Wold-B-J,0000-0003-3235-8130
Division-of-Biology-and-Biological-Engineering,Yang-Changhuei,0000-0001-8791-0354
Division-of-Biology-and-Biological-Engineering,Zernicka-Goetz-M,0000-0002-7004-2471
Division-of-Biology-and-Biological-Engineering,Zinn-K,0000-0002-6706-5605
Division-of-Biology-and-Biological-Engineering,McMahon-Andrew-P,0000-0002-3779-1729
Walter-Burke-Institute-for-Theoretical-Physics,Alicea-J,0000-0001-9979-3423
Walter-Burke-Institute-for-Theoretical-Physics,Brandão-F-G-S-L,0000-0003-3866-9378
Walter-Burke-Institute-for-Theoretical-Physics,Chatziionannou-K,0000-0002-5833-413X
Walter-Burke-Institute-for-Theoretical-Physics,Chen-Xie,0000-0003-2215-2497
Walter-Burke-Institute-for-Theoretical-Physics,Chen-Yanbei,0000-0002-9730-9463
Walter-Burke-Institute-for-Theoretical-Physics,Cheung-Clifford,0000-0002-9983-9425
Walter-Burke-Institute-for-Theoretical-Physics,Cross-M-C,
Walter-Burke-Institute-for-Theoretical-Physics,Frautschi-S-C,
Walter-Burke-Institute-for-Theoretical-Physics,Fuller-J,0000-0002-4544-0750
Walter-Burke-Institute-for-Theoretical-Physics,Goldreich-P-M,
Walter-Burke-Institute-for-Theoretical-Physics,Gukov-S,0000-0003-3729-1684
Walter-Burke-Institute-for-Theoretical-Physics,Hopkins-P-F,0000-0003-3729-1684
Walter-Burke-Institute-for-Theoretical-Physics,Kapustin-A,0000-0003-3903-5158
Walter-Burke-Institute-for-Theoretical-Physics,Kitaev-A,0000-0002-5777-642X
Walter-Burke-Institute-for-Theoretical-Physics,Most-E-R,0000-0002-0491-1210
Walter-Burke-Institute-for-Theoretical-Physics,Motrunich-O-I,0000-0001-8031-0022
Walter-Burke-Institute-for-Theoretical-Physics,Ooguri-H,0000-0001-6021-3778
Walter-Burke-Institute-for-Theoretical-Physics,Papucci-Michele,0000-0003-0810-0017
Walter-Burke-Institute-for-Theoretical-Physics,Phinney-E-S,0000-0002-9656-4032
Walter-Burke-Institute-for-Theoretical-Physics,Politzer-H-D,0000-0002-4983-6621
Walter-Burke-Institute-for-Theoretical-Physics,Preskill-J,0000-0002-2421-4762
Walter-Burke-Institute-for-Theoretical-Physics,Refael-G,0009-0007-4566-8441
Walter-Burke-Institute-for-Theoretical-Physics,Scheel-M-A,0000-0001-6656-9134
Walter-Burke-Institute-for-Theoretical-Physics,Schwarz-J-H,0000-0001-9861-7559
Walter-Burke-Institute-for-Theoretical-Physics,Simmons-Duffin-D,0000-0002-2937-9515
Walter-Burke-Institute-for-Theoretical-Physics,Simon-B,0000-0003-2561-8539
Walter-Burke-Institute-for-Theoretical-Physics,Teukolsky-S-A,0000-0001-9765-4526
Walter-Burke-Institute-for-Theoretical-Physics,Thorne-K-S,
Walter-Burke-Institute-for-Theoretical-Physics,Wise-M-B,0000-0002-9125-801X
Walter-Burke-Institute-for-Theoretical-Physics,Zurek-K-M,0000-0002-2629-337X
Division-of-Geological-and-Planetary-Sciences,Adkins-J-F,0000-0002-3174-5190
,,
,,
,,
,,
,,
,,
,,
,,
,,
,,
,,
,,
,,
,,
,,
,,
,,
,,
,,
,,
,,
,,
,,
,,
,,
,,
,,
,,
,,
,,
,,
,,
,,
,,
,,
,,
,,
,,
,,
,,
,,
,,
,,
,,
,,
,,
,,
,,
,,
,,
https://seismolab.caltech.edu/people.html,,
Seismoloogical Laboratory,,
https://www.srl.caltech.edu/personnel,,
Space Radiation Lab,,
https://www.galcit.caltech.edu/people,,
GALCIT,,
